{
    "__comment": "Model generated using MrCrayfish's Model Creator (http://mrcrayfish.com/modelcreator/)",
    "elements": [
        {
            "name": "Line1",
            "from": [ 7.0, 7.0, 2.0 ],
            "to": [ 9.0, 9.0, 6.0 ],
            "faces": {
                "east": { "texture": "#connector", "uv": [ 0.0, 4.0, 4.0, 2.0 ], "rotation": 180 },
                "south": { "texture": "#connector", "uv": [ 0.0, 4.0, 4.0, 8.0 ] },
                "west": { "texture": "#connector", "uv": [ 0.0, 2.0, 4.0, 4.0 ] },
                "up": { "texture": "#connector", "uv": [ 0.0, 4.0, 4.0, 2.0 ], "rotation": 90 },
                "down": { "texture": "#connector", "uv": [ 0.0, 2.0, 4.0, 4.0 ], "rotation": 270 }
            }
        },
        {
            "name": "Line2",
            "from": [ 0.0, 0.0, 0.0 ],
            "to": [ 16.0, 16.0, 2.0 ],
            "faces": {
                "north": { "texture": "#front", "uv": [ 0.0, 0.0, 16.0, 16.0 ] },
                "east": { "texture": "#body_side", "uv": [ 0.0, 14.0, 16.0, 16.0 ], "rotation": 90 },
                "south": { "texture": "#body_front", "uv": [ 0.0, 0.0, 16.0, 16.0 ] },
                "west": { "texture": "#body_side", "uv": [ 0.0, 16.0, 16.0, 14.0 ], "rotation": 90 },
                "up": { "texture": "#body_side", "uv": [ 0.0, 14.0, 16.0, 16.0 ] },
                "down": { "texture": "#body_side", "uv": [ 0.0, 16.0, 16.0, 14.0 ] }
            }
        }
    ]
}
